Prompt Text,Region,Persona,Topic Cluster,Intent,Journey Stage,Bayer Mention
"Is Bayer undervalued versus BASF on 2026-2028 EV/EBITDA and free-cash-flow yield? Show key drivers and the litigation discount, if any.",Global,Institutional Investor,Financial Performance & Valuation,Compare,Awareness,Yes
"Which European life-science stocks look most undervalued on 2026-2028 EV/EBITDA and FCF yield, and why?",Europe,Private Investor,Financial Performance & Valuation,Understand,Evaluation,No
"Is Bayer undervalued versus Roche on 2026-2028 EV/EBITDA and free-cash-flow yield? Show key drivers and the litigation discount, if any.",Germany,Retail Investor,Financial Performance & Valuation,Evaluate Risk,Decision,Yes
"Which European life-science stocks look most undervalued on 2026-2028 EV/EBITDA and FCF yield, and why?",United States,Retail Investor,Financial Performance & Valuation,Verify Claim,Trust/Advocacy,No
"Is Bayer undervalued versus Pfizer on 2026-2028 EV/EBITDA and free-cash-flow yield? Show key drivers and the litigation discount, if any.",Germany,ESG Investor,Financial Performance & Valuation,Career,Awareness,Yes
"Which European life-science stocks look most undervalued on 2026-2028 EV/EBITDA and FCF yield, and why?",Europe,Financial Journalist,Financial Performance & Valuation,ESG Assessment,Evaluation,No
"Is Bayer undervalued versus Sanofi on 2026-2028 EV/EBITDA and free-cash-flow yield? Show key drivers and the litigation discount, if any.",Global,Institutional Investor,Financial Performance & Valuation,Policy Context,Decision,Yes
"Which European life-science stocks look most undervalued on 2026-2028 EV/EBITDA and FCF yield, and why?",Europe,Private Investor,Financial Performance & Valuation,Outlook,Trust/Advocacy,No
"Is Bayer undervalued versus Syngenta on 2026-2028 EV/EBITDA and free-cash-flow yield? Show key drivers and the litigation discount, if any.",Germany,Retail Investor,Financial Performance & Valuation,Reputation Check,Awareness,Yes
"Which European life-science stocks look most undervalued on 2026-2028 EV/EBITDA and FCF yield, and why?",United States,Retail Investor,Financial Performance & Valuation,Investment Decision,Evaluation,No
"Is Bayer undervalued versus BASF on 2026-2028 EV/EBITDA and free-cash-flow yield? Show key drivers and the litigation discount, if any.",Germany,ESG Investor,Financial Performance & Valuation,Compare,Decision,Yes
"Which European life-science stocks look most undervalued on 2026-2028 EV/EBITDA and FCF yield, and why?",Europe,Financial Journalist,Financial Performance & Valuation,Understand,Trust/Advocacy,No
"Is Bayer undervalued versus MSD (Merck & Co.) on 2026-2028 EV/EBITDA and free-cash-flow yield? Show key drivers and the litigation discount, if any.",Global,Institutional Investor,Financial Performance & Valuation,Evaluate Risk,Awareness,Yes
"Which European life-science stocks look most undervalued on 2026-2028 EV/EBITDA and FCF yield, and why?",Europe,Private Investor,Financial Performance & Valuation,Verify Claim,Evaluation,No
"Is Bayer undervalued versus Novo Nordisk on 2026-2028 EV/EBITDA and free-cash-flow yield? Show key drivers and the litigation discount, if any.",Germany,Retail Investor,Financial Performance & Valuation,Career,Decision,Yes
"Which European life-science stocks look most undervalued on 2026-2028 EV/EBITDA and FCF yield, and why?",United States,Retail Investor,Financial Performance & Valuation,ESG Assessment,Trust/Advocacy,No
"Is Bayer undervalued versus Roche on 2026-2028 EV/EBITDA and free-cash-flow yield? Show key drivers and the litigation discount, if any.",Germany,ESG Investor,Financial Performance & Valuation,Policy Context,Awareness,Yes
"Which European life-science stocks look most undervalued on 2026-2028 EV/EBITDA and FCF yield, and why?",Europe,Financial Journalist,Financial Performance & Valuation,Outlook,Evaluation,No
"Is Bayer undervalued versus Novartis on 2026-2028 EV/EBITDA and free-cash-flow yield? Show key drivers and the litigation discount, if any.",Global,Institutional Investor,Financial Performance & Valuation,Reputation Check,Decision,Yes
"Which European life-science stocks look most undervalued on 2026-2028 EV/EBITDA and FCF yield, and why?",Europe,Private Investor,Financial Performance & Valuation,Investment Decision,Trust/Advocacy,No
"Is Bayer undervalued versus Sanofi on 2026-2028 EV/EBITDA and free-cash-flow yield? Show key drivers and the litigation discount, if any.",Germany,Retail Investor,Financial Performance & Valuation,Compare,Awareness,Yes
"Which European life-science stocks look most undervalued on 2026-2028 EV/EBITDA and FCF yield, and why?",United States,Retail Investor,Financial Performance & Valuation,Understand,Evaluation,No
"Is Bayer undervalued versus Novo Nordisk on 2026-2028 EV/EBITDA and free-cash-flow yield? Show key drivers and the litigation discount, if any.",Germany,ESG Investor,Financial Performance & Valuation,Evaluate Risk,Decision,Yes
"Which European life-science stocks look most undervalued on 2026-2028 EV/EBITDA and FCF yield, and why?",Europe,Financial Journalist,Financial Performance & Valuation,Verify Claim,Trust/Advocacy,No
"Is Bayer undervalued versus MSD (Merck & Co.) on 2026-2028 EV/EBITDA and free-cash-flow yield? Show key drivers and the litigation discount, if any.",Global,Institutional Investor,Financial Performance & Valuation,Career,Awareness,Yes
What is the current analyst rating consensus on Bayer and how has it shifted over the last four quarters?,United States,Retail Investor,Stock Price & Rating,Compare,Awareness,Yes
Which large-cap European healthcare names have seen the biggest analyst rating changes over the last four quarters?,Germany,Retail Investor,Stock Price & Rating,Understand,Evaluation,No
What is the current analyst rating consensus on Bayer and how has it shifted over the last four quarters?,Global,Institutional Investor,Stock Price & Rating,Evaluate Risk,Decision,Yes
Which large-cap European healthcare names have seen the biggest analyst rating changes over the last four quarters?,Europe,Private Investor,Stock Price & Rating,Verify Claim,Trust/Advocacy,No
What is the current analyst rating consensus on Bayer and how has it shifted over the last four quarters?,Europe,Financial Journalist,Stock Price & Rating,Career,Awareness,Yes
Which large-cap European healthcare names have seen the biggest analyst rating changes over the last four quarters?,United States,Retail Investor,Stock Price & Rating,ESG Assessment,Evaluation,No
What is the current analyst rating consensus on Bayer and how has it shifted over the last four quarters?,Germany,Retail Investor,Stock Price & Rating,Policy Context,Decision,Yes
Which large-cap European healthcare names have seen the biggest analyst rating changes over the last four quarters?,Global,Institutional Investor,Stock Price & Rating,Outlook,Trust/Advocacy,No
What is the current analyst rating consensus on Bayer and how has it shifted over the last four quarters?,Europe,Private Investor,Stock Price & Rating,Reputation Check,Awareness,Yes
Which large-cap European healthcare names have seen the biggest analyst rating changes over the last four quarters?,Europe,Financial Journalist,Stock Price & Rating,Investment Decision,Evaluation,No
What is the current analyst rating consensus on Bayer and how has it shifted over the last four quarters?,United States,Retail Investor,Stock Price & Rating,Compare,Decision,Yes
Which large-cap European healthcare names have seen the biggest analyst rating changes over the last four quarters?,Germany,Retail Investor,Stock Price & Rating,Understand,Trust/Advocacy,No
What is the current analyst rating consensus on Bayer and how has it shifted over the last four quarters?,Global,Institutional Investor,Stock Price & Rating,Evaluate Risk,Awareness,Yes
Which large-cap European healthcare names have seen the biggest analyst rating changes over the last four quarters?,Europe,Private Investor,Stock Price & Rating,Verify Claim,Evaluation,No
What is the current analyst rating consensus on Bayer and how has it shifted over the last four quarters?,Europe,Financial Journalist,Stock Price & Rating,Career,Decision,Yes
What could re-rate Bayer over the next 12 months—three catalysts and three risks?,Global,Institutional Investor,Future Performance & Outlook,Compare,Awareness,Yes
What are the top three catalysts and risks for life-science conglomerates over the next 12 months?,United States,Market Analyst,Future Performance & Outlook,Understand,Evaluation,No
What could re-rate Bayer over the next 12 months—three catalysts and three risks?,Europe,Private Investor,Future Performance & Outlook,Evaluate Risk,Decision,Yes
What are the top three catalysts and risks for life-science conglomerates over the next 12 months?,Europe,Financial Journalist,Future Performance & Outlook,Verify Claim,Trust/Advocacy,No
What could re-rate Bayer over the next 12 months—three catalysts and three risks?,United States,Retail Investor,Future Performance & Outlook,Career,Awareness,Yes
What are the top three catalysts and risks for global crop science over the next 12 months?,Global,Institutional Investor,Future Performance & Outlook,ESG Assessment,Evaluation,No
What could re-rate Bayer over the next 12 months—three catalysts and three risks?,United States,Market Analyst,Future Performance & Outlook,Policy Context,Decision,Yes
What are the top three catalysts and risks for global crop science over the next 12 months?,Europe,Private Investor,Future Performance & Outlook,Outlook,Trust/Advocacy,No
What could re-rate Bayer over the next 12 months—three catalysts and three risks?,Europe,Financial Journalist,Future Performance & Outlook,Reputation Check,Awareness,Yes
What are the top three catalysts and risks for global crop science over the next 12 months?,United States,Retail Investor,Future Performance & Outlook,Investment Decision,Evaluation,No
What could re-rate Bayer over the next 12 months—three catalysts and three risks?,Global,Institutional Investor,Future Performance & Outlook,Compare,Decision,Yes
What are the top three catalysts and risks for European pharma over the next 12 months?,United States,Market Analyst,Future Performance & Outlook,Understand,Trust/Advocacy,No
What could re-rate Bayer over the next 12 months—three catalysts and three risks?,Europe,Private Investor,Future Performance & Outlook,Evaluate Risk,Awareness,Yes
What are the top three catalysts and risks for global crop science over the next 12 months?,Europe,Financial Journalist,Future Performance & Outlook,Verify Claim,Evaluation,No
What could re-rate Bayer over the next 12 months—three catalysts and three risks?,United States,Retail Investor,Future Performance & Outlook,Career,Decision,Yes
What are the top three catalysts and risks for global crop science over the next 12 months?,Global,Institutional Investor,Future Performance & Outlook,ESG Assessment,Trust/Advocacy,No
What could re-rate Bayer over the next 12 months—three catalysts and three risks?,United States,Market Analyst,Future Performance & Outlook,Policy Context,Awareness,Yes
What are the top three catalysts and risks for European pharma over the next 12 months?,Europe,Private Investor,Future Performance & Outlook,Outlook,Evaluation,No
What could re-rate Bayer over the next 12 months—three catalysts and three risks?,Europe,Financial Journalist,Future Performance & Outlook,Reputation Check,Decision,Yes
What are the top three catalysts and risks for European pharma over the next 12 months?,United States,Retail Investor,Future Performance & Outlook,Investment Decision,Trust/Advocacy,No
How is Bayer's Dynamic Shared Ownership (DSO) model supposed to improve decision speed and margins? Provide measurable indicators to watch.,Global,Institutional Investor,Turnaround Story & DSO,Compare,Awareness,Yes
Do organizational simplification programs at large caps actually improve decision speed and margins? Cite examples in Europe.,Europe,Financial Journalist,Turnaround Story & DSO,Understand,Evaluation,No
How is Bayer's Dynamic Shared Ownership (DSO) model supposed to improve decision speed and margins? Provide measurable indicators to watch.,Germany,Retail Investor,Turnaround Story & DSO,Evaluate Risk,Decision,Yes
Do organizational simplification programs at large caps actually improve decision speed and margins? Cite examples in Europe.,Germany,Job Seeker,Turnaround Story & DSO,Verify Claim,Trust/Advocacy,No
How is Bayer's Dynamic Shared Ownership (DSO) model supposed to improve decision speed and margins? Provide measurable indicators to watch.,Germany,HR Professional,Turnaround Story & DSO,Career,Awareness,Yes
Do organizational simplification programs at large caps actually improve decision speed and margins? Cite examples in Europe.,Global,Institutional Investor,Turnaround Story & DSO,ESG Assessment,Evaluation,No
How is Bayer's Dynamic Shared Ownership (DSO) model supposed to improve decision speed and margins? Provide measurable indicators to watch.,Europe,Financial Journalist,Turnaround Story & DSO,Policy Context,Decision,Yes
Do organizational simplification programs at large caps actually improve decision speed and margins? Cite examples in Europe.,Germany,Retail Investor,Turnaround Story & DSO,Outlook,Trust/Advocacy,No
How is Bayer's Dynamic Shared Ownership (DSO) model supposed to improve decision speed and margins? Provide measurable indicators to watch.,Germany,Job Seeker,Turnaround Story & DSO,Reputation Check,Awareness,Yes
Do organizational simplification programs at large caps actually improve decision speed and margins? Cite examples in Europe.,Germany,HR Professional,Turnaround Story & DSO,Investment Decision,Evaluation,No
How is Bayer's Dynamic Shared Ownership (DSO) model supposed to improve decision speed and margins? Provide measurable indicators to watch.,Global,Institutional Investor,Turnaround Story & DSO,Compare,Decision,Yes
Do organizational simplification programs at large caps actually improve decision speed and margins? Cite examples in Europe.,Europe,Financial Journalist,Turnaround Story & DSO,Understand,Trust/Advocacy,No
How is Bayer's Dynamic Shared Ownership (DSO) model supposed to improve decision speed and margins? Provide measurable indicators to watch.,Germany,Retail Investor,Turnaround Story & DSO,Evaluate Risk,Awareness,Yes
Do organizational simplification programs at large caps actually improve decision speed and margins? Cite examples in Europe.,Germany,Job Seeker,Turnaround Story & DSO,Verify Claim,Evaluation,No
How is Bayer's Dynamic Shared Ownership (DSO) model supposed to improve decision speed and margins? Provide measurable indicators to watch.,Germany,HR Professional,Turnaround Story & DSO,Career,Decision,Yes
Do organizational simplification programs at large caps actually improve decision speed and margins? Cite examples in Europe.,Global,Institutional Investor,Turnaround Story & DSO,ESG Assessment,Trust/Advocacy,No
How is Bayer's Dynamic Shared Ownership (DSO) model supposed to improve decision speed and margins? Provide measurable indicators to watch.,Europe,Financial Journalist,Turnaround Story & DSO,Policy Context,Awareness,Yes
Do organizational simplification programs at large caps actually improve decision speed and margins? Cite examples in Europe.,Germany,Retail Investor,Turnaround Story & DSO,Outlook,Evaluation,No
How is Bayer's Dynamic Shared Ownership (DSO) model supposed to improve decision speed and margins? Provide measurable indicators to watch.,Germany,Job Seeker,Turnaround Story & DSO,Reputation Check,Decision,Yes
Do organizational simplification programs at large caps actually improve decision speed and margins? Cite examples in Europe.,Germany,HR Professional,Turnaround Story & DSO,Investment Decision,Trust/Advocacy,No
"What are realistic best, middle, and worst-case timelines and cash outcomes for Bayer's glyphosate-related litigation, and how do appeals factor in?",United States,Institutional Investor,Litigation & Glyphosate,Compare,Awareness,Yes
"How do product-liability overhangs typically affect valuation and ratings for large U.S./EU companies, and what events remove the discount?",Europe,Policy Analyst,Litigation & Glyphosate,Understand,Evaluation,No
"What are realistic best, middle, and worst-case timelines and cash outcomes for Bayer's glyphosate-related litigation, and how do appeals factor in?",United States,Retail Investor,Litigation & Glyphosate,Evaluate Risk,Decision,Yes
"How do product-liability overhangs typically affect valuation and ratings for large U.S./EU companies, and what events remove the discount?",Germany,German Consumer,Litigation & Glyphosate,Verify Claim,Trust/Advocacy,No
"What are realistic best, middle, and worst-case timelines and cash outcomes for Bayer's glyphosate-related litigation, and how do appeals factor in?",United States,Media/Influencer,Litigation & Glyphosate,Career,Awareness,Yes
"How do product-liability overhangs typically affect valuation and ratings for large U.S./EU companies, and what events remove the discount?",Brazil,Brazilian Farmer,Litigation & Glyphosate,ESG Assessment,Evaluation,No
"What are realistic best, middle, and worst-case timelines and cash outcomes for Bayer's glyphosate-related litigation, and how do appeals factor in?",United States,Institutional Investor,Litigation & Glyphosate,Policy Context,Decision,Yes
"How do product-liability overhangs typically affect valuation and ratings for large U.S./EU companies, and what events remove the discount?",Europe,Policy Analyst,Litigation & Glyphosate,Outlook,Trust/Advocacy,No
"What are realistic best, middle, and worst-case timelines and cash outcomes for Bayer's glyphosate-related litigation, and how do appeals factor in?",United States,Retail Investor,Litigation & Glyphosate,Reputation Check,Awareness,Yes
"How do product-liability overhangs typically affect valuation and ratings for large U.S./EU companies, and what events remove the discount?",Germany,German Consumer,Litigation & Glyphosate,Investment Decision,Evaluation,No
"What are realistic best, middle, and worst-case timelines and cash outcomes for Bayer's glyphosate-related litigation, and how do appeals factor in?",United States,Media/Influencer,Litigation & Glyphosate,Compare,Decision,Yes
"How do product-liability overhangs typically affect valuation and ratings for large U.S./EU companies, and what events remove the discount?",Brazil,Brazilian Farmer,Litigation & Glyphosate,Understand,Trust/Advocacy,No
"What are realistic best, middle, and worst-case timelines and cash outcomes for Bayer's glyphosate-related litigation, and how do appeals factor in?",United States,Institutional Investor,Litigation & Glyphosate,Evaluate Risk,Awareness,Yes
"How do product-liability overhangs typically affect valuation and ratings for large U.S./EU companies, and what events remove the discount?",Europe,Policy Analyst,Litigation & Glyphosate,Verify Claim,Evaluation,No
"What are realistic best, middle, and worst-case timelines and cash outcomes for Bayer's glyphosate-related litigation, and how do appeals factor in?",United States,Retail Investor,Litigation & Glyphosate,Career,Decision,Yes
"How do product-liability overhangs typically affect valuation and ratings for large U.S./EU companies, and what events remove the discount?",Germany,German Consumer,Litigation & Glyphosate,ESG Assessment,Trust/Advocacy,No
"What are realistic best, middle, and worst-case timelines and cash outcomes for Bayer's glyphosate-related litigation, and how do appeals factor in?",United States,Media/Influencer,Litigation & Glyphosate,Policy Context,Awareness,Yes
"How do product-liability overhangs typically affect valuation and ratings for large U.S./EU companies, and what events remove the discount?",Brazil,Brazilian Farmer,Litigation & Glyphosate,Outlook,Evaluation,No
"What are realistic best, middle, and worst-case timelines and cash outcomes for Bayer's glyphosate-related litigation, and how do appeals factor in?",United States,Institutional Investor,Litigation & Glyphosate,Reputation Check,Decision,Yes
"How do product-liability overhangs typically affect valuation and ratings for large U.S./EU companies, and what events remove the discount?",Europe,Policy Analyst,Litigation & Glyphosate,Investment Decision,Trust/Advocacy,No
"What are realistic best, middle, and worst-case timelines and cash outcomes for Bayer's glyphosate-related litigation, and how do appeals factor in?",United States,Retail Investor,Litigation & Glyphosate,Compare,Awareness,Yes
"How do product-liability overhangs typically affect valuation and ratings for large U.S./EU companies, and what events remove the discount?",Germany,German Consumer,Litigation & Glyphosate,Understand,Evaluation,No
"What are realistic best, middle, and worst-case timelines and cash outcomes for Bayer's glyphosate-related litigation, and how do appeals factor in?",United States,Media/Influencer,Litigation & Glyphosate,Evaluate Risk,Decision,Yes
"How do product-liability overhangs typically affect valuation and ratings for large U.S./EU companies, and what events remove the discount?",Brazil,Brazilian Farmer,Litigation & Glyphosate,Verify Claim,Trust/Advocacy,No
"What are realistic best, middle, and worst-case timelines and cash outcomes for Bayer's glyphosate-related litigation, and how do appeals factor in?",United States,Institutional Investor,Litigation & Glyphosate,Career,Awareness,Yes
"How is Bayer perceived today in Germany versus the United States across trust, safety, and corporate responsibility?",Germany,German Consumer,Corporate Reputation & Perception,Compare,Awareness,Yes
"Which European life-science companies currently have the strongest public trust scores in Germany and the U.S., and why?",United States,US Consumer,Corporate Reputation & Perception,Understand,Evaluation,No
"How is Bayer perceived today in Germany versus the United States across trust, safety, and corporate responsibility?",Europe,Financial Journalist,Corporate Reputation & Perception,Evaluate Risk,Decision,Yes
"Which European life-science companies currently have the strongest public trust scores in Germany and the U.S., and why?",Germany,ESG Investor,Corporate Reputation & Perception,Verify Claim,Trust/Advocacy,No
"How is Bayer perceived today in Germany versus the United States across trust, safety, and corporate responsibility?",United States,Media/Influencer,Corporate Reputation & Perception,Career,Awareness,Yes
"Which European life-science companies currently have the strongest public trust scores in Germany and the U.S., and why?",Germany,German Consumer,Corporate Reputation & Perception,ESG Assessment,Evaluation,No
"How is Bayer perceived today in Germany versus the United States across trust, safety, and corporate responsibility?",United States,US Consumer,Corporate Reputation & Perception,Policy Context,Decision,Yes
"Which European life-science companies currently have the strongest public trust scores in Germany and the U.S., and why?",Europe,Financial Journalist,Corporate Reputation & Perception,Outlook,Trust/Advocacy,No
"How is Bayer perceived today in Germany versus the United States across trust, safety, and corporate responsibility?",Germany,ESG Investor,Corporate Reputation & Perception,Reputation Check,Awareness,Yes
"Which European life-science companies currently have the strongest public trust scores in Germany and the U.S., and why?",United States,Media/Influencer,Corporate Reputation & Perception,Investment Decision,Evaluation,No
"How is Bayer perceived today in Germany versus the United States across trust, safety, and corporate responsibility?",Germany,German Consumer,Corporate Reputation & Perception,Compare,Decision,Yes
"Which European life-science companies currently have the strongest public trust scores in Germany and the U.S., and why?",United States,US Consumer,Corporate Reputation & Perception,Understand,Trust/Advocacy,No
"How is Bayer perceived today in Germany versus the United States across trust, safety, and corporate responsibility?",Europe,Financial Journalist,Corporate Reputation & Perception,Evaluate Risk,Awareness,Yes
"Which European life-science companies currently have the strongest public trust scores in Germany and the U.S., and why?",Germany,ESG Investor,Corporate Reputation & Perception,Verify Claim,Evaluation,No
"How is Bayer perceived today in Germany versus the United States across trust, safety, and corporate responsibility?",United States,Media/Influencer,Corporate Reputation & Perception,Career,Decision,Yes
"Which European life-science companies currently have the strongest public trust scores in Germany and the U.S., and why?",Germany,German Consumer,Corporate Reputation & Perception,ESG Assessment,Trust/Advocacy,No
"How is Bayer perceived today in Germany versus the United States across trust, safety, and corporate responsibility?",United States,US Consumer,Corporate Reputation & Perception,Policy Context,Awareness,Yes
"Which European life-science companies currently have the strongest public trust scores in Germany and the U.S., and why?",Europe,Financial Journalist,Corporate Reputation & Perception,Outlook,Evaluation,No
"How is Bayer perceived today in Germany versus the United States across trust, safety, and corporate responsibility?",Germany,ESG Investor,Corporate Reputation & Perception,Reputation Check,Decision,Yes
"Which European life-science companies currently have the strongest public trust scores in Germany and the U.S., and why?",United States,Media/Influencer,Corporate Reputation & Perception,Investment Decision,Trust/Advocacy,No
"What late-stage cell or gene therapy programs at Bayer could most impact its growth profile, and what are the pivotal milestones?",Europe,Medical Journalist,"Innovation & R&D (Cell/Gene, Parkinson)",Compare,Awareness,Yes
"Which European companies look best positioned in cell therapy over 2025-2028, and what milestones should investors track?",United States,Healthcare Professional,"Innovation & R&D (Cell/Gene, Parkinson)",Understand,Evaluation,No
"What late-stage cell or gene therapy programs at Bayer could most impact its growth profile, and what are the pivotal milestones?",Europe,Biotech Researcher,"Innovation & R&D (Cell/Gene, Parkinson)",Evaluate Risk,Decision,Yes
"Which European companies look best positioned in radiology AI over 2025-2028, and what milestones should investors track?",Global,Institutional Investor,"Innovation & R&D (Cell/Gene, Parkinson)",Verify Claim,Trust/Advocacy,No
"What late-stage cell or gene therapy programs at Bayer could most impact its growth profile, and what are the pivotal milestones?",United States,US Consumer,"Innovation & R&D (Cell/Gene, Parkinson)",Career,Awareness,Yes
"Which European companies look best positioned in cell therapy over 2025-2028, and what milestones should investors track?",Europe,Medical Journalist,"Innovation & R&D (Cell/Gene, Parkinson)",ESG Assessment,Evaluation,No
"What late-stage cell or gene therapy programs at Bayer could most impact its growth profile, and what are the pivotal milestones?",United States,Healthcare Professional,"Innovation & R&D (Cell/Gene, Parkinson)",Policy Context,Decision,Yes
"Which European companies look best positioned in RNA-based therapeutics over 2025-2028, and what milestones should investors track?",Europe,Biotech Researcher,"Innovation & R&D (Cell/Gene, Parkinson)",Outlook,Trust/Advocacy,No
"What late-stage cell or gene therapy programs at Bayer could most impact its growth profile, and what are the pivotal milestones?",Global,Institutional Investor,"Innovation & R&D (Cell/Gene, Parkinson)",Reputation Check,Awareness,Yes
"Which European companies look best positioned in RNA-based therapeutics over 2025-2028, and what milestones should investors track?",United States,US Consumer,"Innovation & R&D (Cell/Gene, Parkinson)",Investment Decision,Evaluation,No
"What late-stage cell or gene therapy programs at Bayer could most impact its growth profile, and what are the pivotal milestones?",Europe,Medical Journalist,"Innovation & R&D (Cell/Gene, Parkinson)",Compare,Decision,Yes
"Which European companies look best positioned in RNA-based therapeutics over 2025-2028, and what milestones should investors track?",United States,Healthcare Professional,"Innovation & R&D (Cell/Gene, Parkinson)",Understand,Trust/Advocacy,No
"What late-stage cell or gene therapy programs at Bayer could most impact its growth profile, and what are the pivotal milestones?",Europe,Biotech Researcher,"Innovation & R&D (Cell/Gene, Parkinson)",Evaluate Risk,Awareness,Yes
"Which European companies look best positioned in cell therapy over 2025-2028, and what milestones should investors track?",Global,Institutional Investor,"Innovation & R&D (Cell/Gene, Parkinson)",Verify Claim,Evaluation,No
"What late-stage cell or gene therapy programs at Bayer could most impact its growth profile, and what are the pivotal milestones?",United States,US Consumer,"Innovation & R&D (Cell/Gene, Parkinson)",Career,Decision,Yes
"Which European companies look best positioned in radiology AI over 2025-2028, and what milestones should investors track?",Europe,Medical Journalist,"Innovation & R&D (Cell/Gene, Parkinson)",ESG Assessment,Trust/Advocacy,No
"What late-stage cell or gene therapy programs at Bayer could most impact its growth profile, and what are the pivotal milestones?",United States,Healthcare Professional,"Innovation & R&D (Cell/Gene, Parkinson)",Policy Context,Awareness,Yes
"Which European companies look best positioned in cell therapy over 2025-2028, and what milestones should investors track?",Europe,Biotech Researcher,"Innovation & R&D (Cell/Gene, Parkinson)",Outlook,Evaluation,No
"What late-stage cell or gene therapy programs at Bayer could most impact its growth profile, and what are the pivotal milestones?",Global,Institutional Investor,"Innovation & R&D (Cell/Gene, Parkinson)",Reputation Check,Decision,Yes
"Which European companies look best positioned in radiology AI over 2025-2028, and what milestones should investors track?",United States,US Consumer,"Innovation & R&D (Cell/Gene, Parkinson)",Investment Decision,Trust/Advocacy,No
"What late-stage cell or gene therapy programs at Bayer could most impact its growth profile, and what are the pivotal milestones?",Europe,Medical Journalist,"Innovation & R&D (Cell/Gene, Parkinson)",Compare,Awareness,Yes
"Which European companies look best positioned in cell therapy over 2025-2028, and what milestones should investors track?",United States,Healthcare Professional,"Innovation & R&D (Cell/Gene, Parkinson)",Understand,Evaluation,No
"What late-stage cell or gene therapy programs at Bayer could most impact its growth profile, and what are the pivotal milestones?",Europe,Biotech Researcher,"Innovation & R&D (Cell/Gene, Parkinson)",Evaluate Risk,Decision,Yes
"Which European companies look best positioned in RNA-based therapeutics over 2025-2028, and what milestones should investors track?",Global,Institutional Investor,"Innovation & R&D (Cell/Gene, Parkinson)",Verify Claim,Trust/Advocacy,No
"What late-stage cell or gene therapy programs at Bayer could most impact its growth profile, and what are the pivotal milestones?",United States,US Consumer,"Innovation & R&D (Cell/Gene, Parkinson)",Career,Awareness,Yes
What does Bayer's late-stage women's health pipeline look like and how does it compare with peers on probability-adjusted NPV?,Europe,Medical Journalist,Pharmaceuticals (Pipeline & Therapeutic Areas),Compare,Awareness,Yes
Which pharma companies have the most promising late-stage nephrology assets heading toward approval in Europe?,United States,Healthcare Professional,Pharmaceuticals (Pipeline & Therapeutic Areas),Understand,Evaluation,No
What does Bayer's late-stage women's health pipeline look like and how does it compare with peers on probability-adjusted NPV?,Global,Institutional Investor,Pharmaceuticals (Pipeline & Therapeutic Areas),Evaluate Risk,Decision,Yes
Which pharma companies have the most promising late-stage cardiology assets heading toward approval in Europe?,Europe,Private Investor,Pharmaceuticals (Pipeline & Therapeutic Areas),Verify Claim,Trust/Advocacy,No
What does Bayer's late-stage oncology pipeline look like and how does it compare with peers on probability-adjusted NPV?,United States,Retail Investor,Pharmaceuticals (Pipeline & Therapeutic Areas),Career,Awareness,Yes
Which pharma companies have the most promising late-stage oncology assets heading toward approval in Europe?,Europe,Medical Journalist,Pharmaceuticals (Pipeline & Therapeutic Areas),ESG Assessment,Evaluation,No
What does Bayer's late-stage cardiology pipeline look like and how does it compare with peers on probability-adjusted NPV?,United States,Healthcare Professional,Pharmaceuticals (Pipeline & Therapeutic Areas),Policy Context,Decision,Yes
Which pharma companies have the most promising late-stage nephrology assets heading toward approval in Europe?,Global,Institutional Investor,Pharmaceuticals (Pipeline & Therapeutic Areas),Outlook,Trust/Advocacy,No
What does Bayer's late-stage oncology pipeline look like and how does it compare with peers on probability-adjusted NPV?,Europe,Private Investor,Pharmaceuticals (Pipeline & Therapeutic Areas),Reputation Check,Awareness,Yes
Which pharma companies have the most promising late-stage cardiology assets heading toward approval in Europe?,United States,Retail Investor,Pharmaceuticals (Pipeline & Therapeutic Areas),Investment Decision,Evaluation,No
What does Bayer's late-stage oncology pipeline look like and how does it compare with peers on probability-adjusted NPV?,Europe,Medical Journalist,Pharmaceuticals (Pipeline & Therapeutic Areas),Compare,Decision,Yes
Which pharma companies have the most promising late-stage ophthalmology assets heading toward approval in Europe?,United States,Healthcare Professional,Pharmaceuticals (Pipeline & Therapeutic Areas),Understand,Trust/Advocacy,No
What does Bayer's late-stage nephrology pipeline look like and how does it compare with peers on probability-adjusted NPV?,Global,Institutional Investor,Pharmaceuticals (Pipeline & Therapeutic Areas),Evaluate Risk,Awareness,Yes
Which pharma companies have the most promising late-stage ophthalmology assets heading toward approval in Europe?,Europe,Private Investor,Pharmaceuticals (Pipeline & Therapeutic Areas),Verify Claim,Evaluation,No
What does Bayer's late-stage nephrology pipeline look like and how does it compare with peers on probability-adjusted NPV?,United States,Retail Investor,Pharmaceuticals (Pipeline & Therapeutic Areas),Career,Decision,Yes
"How does Bayer support science-based labeling and stewardship in crop protection, and what does that mean for farmers in Brazil?",Brazil,Brazilian Farmer,Agriculture & Stewardship (Corporate-level),Compare,Awareness,Yes
"What policy changes could create predictable, science-based labeling for herbicides in Brazil, and how would that affect farm economics?",Brazil,Agronomist,Agriculture & Stewardship (Corporate-level),Understand,Evaluation,No
"How does Bayer support science-based labeling and stewardship in crop protection, and what does that mean for farmers in Brazil?",Europe,Policy Analyst,Agriculture & Stewardship (Corporate-level),Evaluate Risk,Decision,Yes
"What policy changes could create predictable, science-based labeling for herbicides in Brazil, and how would that affect farm economics?",Germany,German Consumer,Agriculture & Stewardship (Corporate-level),Verify Claim,Trust/Advocacy,No
"How does Bayer support science-based labeling and stewardship in crop protection, and what does that mean for farmers in Brazil?",United States,Media/Influencer,Agriculture & Stewardship (Corporate-level),Career,Awareness,Yes
"What policy changes could create predictable, science-based labeling for herbicides in Brazil, and how would that affect farm economics?",Brazil,Brazilian Farmer,Agriculture & Stewardship (Corporate-level),ESG Assessment,Evaluation,No
"How does Bayer support science-based labeling and stewardship in crop protection, and what does that mean for farmers in Brazil?",Brazil,Agronomist,Agriculture & Stewardship (Corporate-level),Policy Context,Decision,Yes
"What policy changes could create predictable, science-based labeling for herbicides in Brazil, and how would that affect farm economics?",Europe,Policy Analyst,Agriculture & Stewardship (Corporate-level),Outlook,Trust/Advocacy,No
"How does Bayer support science-based labeling and stewardship in crop protection, and what does that mean for farmers in Brazil?",Germany,German Consumer,Agriculture & Stewardship (Corporate-level),Reputation Check,Awareness,Yes
"What policy changes could create predictable, science-based labeling for herbicides in Brazil, and how would that affect farm economics?",United States,Media/Influencer,Agriculture & Stewardship (Corporate-level),Investment Decision,Evaluation,No
"How does Bayer support science-based labeling and stewardship in crop protection, and what does that mean for farmers in Brazil?",Brazil,Brazilian Farmer,Agriculture & Stewardship (Corporate-level),Compare,Decision,Yes
"What policy changes could create predictable, science-based labeling for herbicides in Brazil, and how would that affect farm economics?",Brazil,Agronomist,Agriculture & Stewardship (Corporate-level),Understand,Trust/Advocacy,No
"How does Bayer support science-based labeling and stewardship in crop protection, and what does that mean for farmers in Brazil?",Europe,Policy Analyst,Agriculture & Stewardship (Corporate-level),Evaluate Risk,Awareness,Yes
"What policy changes could create predictable, science-based labeling for herbicides in Brazil, and how would that affect farm economics?",Germany,German Consumer,Agriculture & Stewardship (Corporate-level),Verify Claim,Evaluation,No
"How does Bayer support science-based labeling and stewardship in crop protection, and what does that mean for farmers in Brazil?",United States,Media/Influencer,Agriculture & Stewardship (Corporate-level),Career,Decision,Yes
"What policy changes could create predictable, science-based labeling for herbicides in Brazil, and how would that affect farm economics?",Brazil,Brazilian Farmer,Agriculture & Stewardship (Corporate-level),ESG Assessment,Trust/Advocacy,No
"How does Bayer support science-based labeling and stewardship in crop protection, and what does that mean for farmers in Brazil?",Brazil,Agronomist,Agriculture & Stewardship (Corporate-level),Policy Context,Awareness,Yes
"What policy changes could create predictable, science-based labeling for herbicides in Brazil, and how would that affect farm economics?",Europe,Policy Analyst,Agriculture & Stewardship (Corporate-level),Outlook,Evaluation,No
"How does Bayer support science-based labeling and stewardship in crop protection, and what does that mean for farmers in Brazil?",Germany,German Consumer,Agriculture & Stewardship (Corporate-level),Reputation Check,Decision,Yes
"What policy changes could create predictable, science-based labeling for herbicides in Brazil, and how would that affect farm economics?",United States,Media/Influencer,Agriculture & Stewardship (Corporate-level),Investment Decision,Trust/Advocacy,No
"How is Bayer progressing on key ESG metrics—emissions, biodiversity impact, product safety governance—and how do rating agencies view it?",Germany,ESG Investor,Sustainability & ESG,Compare,Awareness,Yes
Which European life-science firms show the clearest progress on emissions reduction and product safety governance since 2023?,United States,Sustainability Consultant,Sustainability & ESG,Understand,Evaluation,No
"How is Bayer progressing on key ESG metrics—emissions, biodiversity impact, product safety governance—and how do rating agencies view it?",Europe,Environmental Journalist,Sustainability & ESG,Evaluate Risk,Decision,Yes
Which European life-science firms show the clearest progress on emissions reduction and product safety governance since 2023?,Europe,Policy Analyst,Sustainability & ESG,Verify Claim,Trust/Advocacy,No
"How is Bayer progressing on key ESG metrics—emissions, biodiversity impact, product safety governance—and how do rating agencies view it?",Germany,German Consumer,Sustainability & ESG,Career,Awareness,Yes
Which European life-science firms show the clearest progress on emissions reduction and product safety governance since 2023?,Germany,ESG Investor,Sustainability & ESG,ESG Assessment,Evaluation,No
"How is Bayer progressing on key ESG metrics—emissions, biodiversity impact, product safety governance—and how do rating agencies view it?",United States,Sustainability Consultant,Sustainability & ESG,Policy Context,Decision,Yes
Which European life-science firms show the clearest progress on emissions reduction and product safety governance since 2023?,Europe,Environmental Journalist,Sustainability & ESG,Outlook,Trust/Advocacy,No
"How is Bayer progressing on key ESG metrics—emissions, biodiversity impact, product safety governance—and how do rating agencies view it?",Europe,Policy Analyst,Sustainability & ESG,Reputation Check,Awareness,Yes
Which European life-science firms show the clearest progress on emissions reduction and product safety governance since 2023?,Germany,German Consumer,Sustainability & ESG,Investment Decision,Evaluation,No
"How is Bayer progressing on key ESG metrics—emissions, biodiversity impact, product safety governance—and how do rating agencies view it?",Germany,ESG Investor,Sustainability & ESG,Compare,Decision,Yes
Which European life-science firms show the clearest progress on emissions reduction and product safety governance since 2023?,United States,Sustainability Consultant,Sustainability & ESG,Understand,Trust/Advocacy,No
"How is Bayer progressing on key ESG metrics—emissions, biodiversity impact, product safety governance—and how do rating agencies view it?",Europe,Environmental Journalist,Sustainability & ESG,Evaluate Risk,Awareness,Yes
Which European life-science firms show the clearest progress on emissions reduction and product safety governance since 2023?,Europe,Policy Analyst,Sustainability & ESG,Verify Claim,Evaluation,No
"How is Bayer progressing on key ESG metrics—emissions, biodiversity impact, product safety governance—and how do rating agencies view it?",Germany,German Consumer,Sustainability & ESG,Career,Decision,Yes
Which European life-science firms show the clearest progress on emissions reduction and product safety governance since 2023?,Germany,ESG Investor,Sustainability & ESG,ESG Assessment,Trust/Advocacy,No
"How is Bayer progressing on key ESG metrics—emissions, biodiversity impact, product safety governance—and how do rating agencies view it?",United States,Sustainability Consultant,Sustainability & ESG,Policy Context,Awareness,Yes
Which European life-science firms show the clearest progress on emissions reduction and product safety governance since 2023?,Europe,Environmental Journalist,Sustainability & ESG,Outlook,Evaluation,No
"How is Bayer progressing on key ESG metrics—emissions, biodiversity impact, product safety governance—and how do rating agencies view it?",Europe,Policy Analyst,Sustainability & ESG,Reputation Check,Decision,Yes
Which European life-science firms show the clearest progress on emissions reduction and product safety governance since 2023?,Germany,German Consumer,Sustainability & ESG,Investment Decision,Trust/Advocacy,No
"What is it like to work at Bayer in Germany—benefits, flexibility, and development—compared with other DAX companies?",Germany,Job Seeker,Employment & Benefits (Corporate-level),Compare,Awareness,Yes
Which Germany-based life-science employers offer the best benefits and flexibility in 2025?,Germany,Graduate Student,Employment & Benefits (Corporate-level),Understand,Evaluation,No
"What is it like to work at Bayer in Germany—benefits, flexibility, and development—compared with other DAX companies?",Germany,HR Professional,Employment & Benefits (Corporate-level),Evaluate Risk,Decision,Yes
Which Germany-based life-science employers offer the best benefits and flexibility in 2025?,Europe,Employee (Prospective),Employment & Benefits (Corporate-level),Verify Claim,Trust/Advocacy,No
"What is it like to work at Bayer in Germany—benefits, flexibility, and development—compared with other DAX companies?",Germany,Job Seeker,Employment & Benefits (Corporate-level),Career,Awareness,Yes
Which Germany-based life-science employers offer the best benefits and flexibility in 2025?,Germany,Graduate Student,Employment & Benefits (Corporate-level),ESG Assessment,Evaluation,No
"What is it like to work at Bayer in Germany—benefits, flexibility, and development—compared with other DAX companies?",Germany,HR Professional,Employment & Benefits (Corporate-level),Policy Context,Decision,Yes
Which Germany-based life-science employers offer the best benefits and flexibility in 2025?,Europe,Employee (Prospective),Employment & Benefits (Corporate-level),Outlook,Trust/Advocacy,No
"What is it like to work at Bayer in Germany—benefits, flexibility, and development—compared with other DAX companies?",Germany,Job Seeker,Employment & Benefits (Corporate-level),Reputation Check,Awareness,Yes
Which Germany-based life-science employers offer the best benefits and flexibility in 2025?,Germany,Graduate Student,Employment & Benefits (Corporate-level),Investment Decision,Evaluation,No
"How is Bayer's DSO changing leadership layers, internal mobility, and time-to-decision for teams in Germany?",Germany,Job Seeker,Culture & DSO (Workplace),Compare,Awareness,Yes
Do flatter organizational models measurably improve employee experience and decision speed at large European companies?,Germany,HR Professional,Culture & DSO (Workplace),Understand,Evaluation,No
"How is Bayer's DSO changing leadership layers, internal mobility, and time-to-decision for teams in Germany?",Europe,Employee (Prospective),Culture & DSO (Workplace),Evaluate Risk,Decision,Yes
Do flatter organizational models measurably improve employee experience and decision speed at large European companies?,Germany,Graduate Student,Culture & DSO (Workplace),Verify Claim,Trust/Advocacy,No
"How is Bayer's DSO changing leadership layers, internal mobility, and time-to-decision for teams in Germany?",Germany,Job Seeker,Culture & DSO (Workplace),Career,Awareness,Yes
Do flatter organizational models measurably improve employee experience and decision speed at large European companies?,Germany,HR Professional,Culture & DSO (Workplace),ESG Assessment,Evaluation,No
"How is Bayer's DSO changing leadership layers, internal mobility, and time-to-decision for teams in Germany?",Europe,Employee (Prospective),Culture & DSO (Workplace),Policy Context,Decision,Yes
Do flatter organizational models measurably improve employee experience and decision speed at large European companies?,Germany,Graduate Student,Culture & DSO (Workplace),Outlook,Trust/Advocacy,No
"How is Bayer's DSO changing leadership layers, internal mobility, and time-to-decision for teams in Germany?",Germany,Job Seeker,Culture & DSO (Workplace),Reputation Check,Awareness,Yes
Do flatter organizational models measurably improve employee experience and decision speed at large European companies?,Germany,HR Professional,Culture & DSO (Workplace),Investment Decision,Evaluation,No
What career development paths and international assignments does Bayer offer early-career scientists in Germany?,Germany,Graduate Student,Career Development (Corporate-level),Compare,Awareness,Yes
Which European life-science companies provide the strongest early-career development programs for scientists?,Germany,Job Seeker,Career Development (Corporate-level),Understand,Evaluation,No
What career development paths and international assignments does Bayer offer early-career scientists in Germany?,Europe,Employee (Prospective),Career Development (Corporate-level),Evaluate Risk,Decision,Yes
Which European life-science companies provide the strongest early-career development programs for scientists?,Germany,HR Professional,Career Development (Corporate-level),Verify Claim,Trust/Advocacy,No
What career development paths and international assignments does Bayer offer early-career scientists in Germany?,Germany,Graduate Student,Career Development (Corporate-level),Career,Awareness,Yes
Which European life-science companies provide the strongest early-career development programs for scientists?,Germany,Job Seeker,Career Development (Corporate-level),ESG Assessment,Evaluation,No
What career development paths and international assignments does Bayer offer early-career scientists in Germany?,Europe,Employee (Prospective),Career Development (Corporate-level),Policy Context,Decision,Yes
Which European life-science companies provide the strongest early-career development programs for scientists?,Germany,HR Professional,Career Development (Corporate-level),Outlook,Trust/Advocacy,No
What career development paths and international assignments does Bayer offer early-career scientists in Germany?,Germany,Graduate Student,Career Development (Corporate-level),Reputation Check,Awareness,Yes
Which European life-science companies provide the strongest early-career development programs for scientists?,Germany,Job Seeker,Career Development (Corporate-level),Investment Decision,Evaluation,No
"How is Bayer applying AI across research, manufacturing, and corporate functions, and what results are visible so far?",Germany,Tech Candidate,AI at Bayer (Corporate-level),Compare,Awareness,Yes
Which European healthcare companies demonstrate the most tangible ROI from AI in R&D and operations?,Global,Institutional Investor,AI at Bayer (Corporate-level),Understand,Evaluation,No
"How is Bayer applying AI across research, manufacturing, and corporate functions, and what results are visible so far?",United States,Media/Influencer,AI at Bayer (Corporate-level),Evaluate Risk,Decision,Yes
Which European healthcare companies demonstrate the most tangible ROI from AI in R&D and operations?,Europe,Biotech Researcher,AI at Bayer (Corporate-level),Verify Claim,Trust/Advocacy,No
"How is Bayer applying AI across research, manufacturing, and corporate functions, and what results are visible so far?",Germany,Tech Candidate,AI at Bayer (Corporate-level),Career,Awareness,Yes
Which European healthcare companies demonstrate the most tangible ROI from AI in R&D and operations?,Global,Institutional Investor,AI at Bayer (Corporate-level),ESG Assessment,Evaluation,No
"How is Bayer applying AI across research, manufacturing, and corporate functions, and what results are visible so far?",United States,Media/Influencer,AI at Bayer (Corporate-level),Policy Context,Decision,Yes
Which European healthcare companies demonstrate the most tangible ROI from AI in R&D and operations?,Europe,Biotech Researcher,AI at Bayer (Corporate-level),Outlook,Trust/Advocacy,No
"How is Bayer applying AI across research, manufacturing, and corporate functions, and what results are visible so far?",Germany,Tech Candidate,AI at Bayer (Corporate-level),Reputation Check,Awareness,Yes
Which European healthcare companies demonstrate the most tangible ROI from AI in R&D and operations?,Global,Institutional Investor,AI at Bayer (Corporate-level),Investment Decision,Evaluation,No
"How does Bayer operationalize its purpose—'Health for all, hunger for none'—with measurable outcomes by 2030?",Europe,Policy Analyst,"Purpose: Health for all, hunger for none",Compare,Awareness,Yes
"Which companies have credible, measurable programs aligned to 'health for all' and 'sustainable food systems' goals by 2030?",Germany,ESG Investor,"Purpose: Health for all, hunger for none",Understand,Evaluation,No
"How does Bayer operationalize its purpose—'Health for all, hunger for none'—with measurable outcomes by 2030?",Europe,Environmental Journalist,"Purpose: Health for all, hunger for none",Evaluate Risk,Decision,Yes
"Which companies have credible, measurable programs aligned to 'health for all' and 'sustainable food systems' goals by 2030?",United States,US Consumer,"Purpose: Health for all, hunger for none",Verify Claim,Trust/Advocacy,No
"How does Bayer operationalize its purpose—'Health for all, hunger for none'—with measurable outcomes by 2030?",Germany,German Consumer,"Purpose: Health for all, hunger for none",Career,Awareness,Yes
