Prompt Text,Stakeholder Type,Tone,Awareness Level,Intent
Is Tesla overvalued compared to General Motors based on 2025-2027 free-cash-flow-to-equity and EBITDA growth rates? Highlight key technology adoption drivers and regulatory hurdles.,Financial Analyst,Analytical,High,Relative Valuation
How does ExxonMobil's valuation compare to Chevron's for 2024-2026 using dividend yield and return on capital employed? Discuss the impact of energy transition policies and geopolitical stability on their future outlook.,Equity Analyst,Professional,High,Comparative Valuation
"Identify the most compelling North American renewable energy stocks that are currently undervalued based on their projected 2025-2027 P/E ratio and dividend yield, and provide your rationale.",Institutional Investor,Analytical,High,Identify undervalued assets
"Which Asian semiconductor manufacturers present the strongest long-term value, considering their 2027-2029 Price-to-Book ratio and Return on Invested Capital (ROIC), and what are the key drivers?",Portfolio Manager,Strategic,High,Evaluate long-term value
Is Apple overvalued compared to Microsoft based on 2025-2027 P/E ratios and projected revenue growth? Analyze their respective competitive advantages and regulatory headwinds.,Financial Analyst,Analytical,High,Comparative Valuation
"How does the projected 2027-2030 Return on Capital Employed (ROCE) for Tesla compare to BYD, considering R&D investment impact and geopolitical risks?",Investment Manager,Professional,High,Strategic Comparison
"Which US technology stocks offer the strongest long-term growth prospects based on projected 2025-2027 revenue CAGR and innovation spend efficiency, and what are the key drivers?",Investor,Professional,High,Identify Growth Opportunities
"Which emerging market clean energy stocks are best positioned for sustained competitive advantage through 2026-2028, evaluating their operational resilience and market share growth, and what factors underpin this outlook?",Portfolio Manager,Analytical,High,Identify Strategic Investments
Is ASML undervalued relative to Applied Materials on 2025-2027 P/E and return on invested capital? Include their exposure to leading-edge nodes and geopolitical risks.,Financial Analyst,Analytical,High,Comparative Valuation
"Does Coca-Cola present a more compelling long-term investment than PepsiCo on 2025-2027 dividend yield and enterprise value-to-sales, considering their market diversification and health & wellness initiatives?",Equity Analyst,Objective,High,Investment Comparison
"Identify the most compelling North American renewable energy stocks based on their projected 2025-2027 revenue growth and EBITDA margins, and what are their primary competitive advantages?",Investment Analyst,Analytical,High,Investment Opportunity Identification
"Which Asian semiconductor companies appear most attractively priced on 2024-2026 P/B ratio and dividend yield, and what are the underlying macroeconomic factors supporting this view?",Portfolio Manager,Professional,High,Valuation Analysis
Is Coca-Cola overvalued relative to PepsiCo on 2025-2027 P/E ratios and dividend growth prospects? Outline the primary market drivers and any premium/discount for brand equity or diversification.,Financial Analyst,Analytical,High,Comparative Valuation
Evaluate the long-term investment viability of Amazon against Alphabet (Google) considering 2026-2028 revenue growth rates and operating margins. Detail the key competitive advantages and the impact of regulatory risks in each.,Investment Analyst,Objective,High,Strategic Investment Assessment
"Identify the most attractive US semiconductor companies based on projected 2025-2027 revenue growth and return on invested capital (ROIC), and explain the key drivers.",Investment Analyst,Analytical,High,Investment Research
"Which Indian renewable energy firms demonstrate the strongest long-term growth potential, considering 2027-2029 EBITDA margins and cash conversion cycles, and what are their competitive advantages?",Portfolio Manager,Strategic,High,Growth Strategy Identification
Evaluate if Tesla is overvalued compared to BYD based on 2025-2027 P/E ratios and projected unit growth. Account for production ramp-up risks and regional market share trends.,Financial Analyst,Analytical,High,Comparative Valuation
"Assess the strategic value of acquiring Moderna versus BioNTech for long-term mRNA technology leadership. Focus on 2024-2026 R&D pipeline, patent portfolio strength, and regulatory approval timelines.",Corporate Development,Strategic,High,Strategic Acquisition Analysis
"Which North American semiconductor stocks offer the most compelling long-term upside based on 2025-2027 revenue growth and market penetration, and what are the main competitive advantages?",Investor,Analytical,High,Identify investment opportunities
"Which Asian renewable energy companies are best positioned for significant expansion through 2026-2028, considering project pipeline and regulatory support, and what are the primary capital expenditure requirements?",Portfolio Manager,Professional,High,Assess growth potential
Is Novartis a more compelling investment than Roche based on 2025-2027 EV/EBITDA and free-cash-flow yield? Discuss key value drivers and the potential impact of their upcoming patent expirations.,Investor,Analytical,High,Comparative Investment Analysis
"How does Coca-Cola's valuation compare to PepsiCo's for 2024-2026, considering EV/EBITDA, free-cash-flow yield, and projected organic growth rates? Analyze the role of their non-beverage segments.",Equity Analyst,Objective,High,Valuation Comparison
"Which North American renewable energy stocks offer the strongest long-term growth potential based on their projected 2025-2027 revenue growth and operational cash flow margins, and why?",Investor/Analyst,Professional,High,Identify Growth Investments
"Identify emerging market technology companies that present the best arbitrage opportunities considering their current P/E ratios relative to industry peers and 2024-2025 earnings guidance, and what are the associated risks?",Quant Trader/Analyst,Analytical,High,Identify Arbitrage Opportunities
Is Tesla overvalued compared to BYD on 2025-2027 forward P/E and price/sales multiples? Outline the impact of battery technology advancements and global subsidy programs.,Equity Analyst,Analytical,High,Valuation Analysis
Assess whether NVIDIA's stock is trading at a fair premium to AMD using 2026-2028 EV/Sales and gross margin trends. Detail the influence of AI market dominance and geopolitical supply chain stability.,Research Analyst,Objective,High,Valuation Assessment
Is Tesla's current valuation justified relative to Toyota based on 2025-2027 projected revenue growth and operating margins? Discuss the impact of EV adoption rates and battery technology advancements.,Financial Analyst,Analytical,High,Comparative Valuation
Assess whether Pfizer is trading at a premium or discount compared to AstraZeneca using 2024-2026 forecasted R&D spend and patent cliff exposures. Highlight pipeline success rates and geographical market penetration.,Portfolio Manager,Professional,High,Comparative Valuation
"Which North American renewable energy stocks demonstrate the strongest sustainable growth potential based on 5-year CAGR, ROIC, and net debt/equity, and why?",Investor,Analytical,High,Identify Growth Investments
"Identify the most overvalued US large-cap tech stocks based on current P/S multiples, projected revenue deceleration, and competitive landscape shifts, and what are the primary risks?",Portfolio Manager,Analytical,High,Risk Assessment
Evaluate the investment attractiveness of Tesla against BYD using 2025-2027 P/E ratios and growth prospects. Detail the impact of geopolitical tensions and battery supply chain stability.,Financial Analyst,Analytical,High,Comparative Investment Analysis
Assess the valuation of Intel versus AMD for 2024-2026 using discounted cash flow (DCF) and price-to-sales ratios. Explain the competitive landscape shifts and the impact of their respective chip roadmaps.,Equity Researcher,Incisive,High,Competitive Valuation Analysis
"Which US semiconductor stocks exhibit the strongest upside potential based on projected 2025-2027 free cash flow growth and market share expansion, and what are their primary catalysts?",Investor,Analytical,High,Identify growth investments
"What are the most compelling Asian consumer discretionary companies for 2026-2028, considering their estimated revenue CAGR and return on equity (ROE) trends, and what factors drive their appeal?",Portfolio Manager,Strategic,High,Evaluate investment opportunities
Evaluate AstraZeneca's valuation relative to GlaxoSmithKline for the 2025-2027 period using forward P/E and dividend yield. Discuss key therapeutic area growth prospects and potential M&A impact.,Equity Analyst,Professional,High,Comparative Valuation
Analyze whether Merck & Co. is currently trading at a premium compared to Sanofi based on 2026-2028 P/S and Return on Invested Capital. Highlight the contribution of their oncology portfolios and any relevant regulatory hurdles.,Portfolio Manager,Analytical,High,Valuation Assessment
"Which North American biotechnology stocks appear most attractive on a 2025-2027 price-to-earnings growth (PEG) ratio and enterprise value to sales (EV/Sales) basis, and what are their key pipeline catalysts?",Financial Analyst,Analytical,High,Identify Investment Opportunities
"Which Japanese automotive component suppliers exhibit the highest potential for valuation upside based on 2025-2027 P/B multiples and dividend growth forecasts, and what are the catalysts for re-rating?",Portfolio Manager,Objective,Expert,Assess Valuation Upside
"Evaluate Pfizer's long-term growth trajectory versus Moderna, considering 2027-2029 R&D pipeline strength, patent expiration risks, and emerging market expansion potential.",Investment Analyst,Analytical,High,Growth Potential Assessment
"Compare TSMC's competitive advantage against Intel in the 2025-2028 semiconductor foundry market, focusing on process technology leadership, capital expenditure efficiency, and geopolitical supply chain risks.",Portfolio Manager,Professional,High,Competitive Landscape Analysis
"Which US large-cap tech stocks offer the highest long-term growth potential based on their projected revenue CAGR (2025-2027) and current PEG ratios, and why?",Financial Analyst,Analytical,High,Identify Growth Investments
"Which BRICS consumer staples stocks offer the most stable dividend income and value upside on 2024-2025 dividend yield and P/B multiples, and why?",Portfolio Manager,Professional,High,Identify Income-Generating Value Stocks
Evaluate Tesla's current valuation against BYD using 2025-2027 P/E ratios and revenue growth projections. Include the impact of battery technology advancements and government subsidies.,Financial Analyst,Analytical,High,Evaluate Investment Opportunity
Assess Amazon's cloud business (AWS) valuation versus Microsoft Azure using 2025-2027 operating margins and market share growth. Discuss competitive advantages and potential regulatory risks.,Investor,Professional,High,Comparative Valuation
"Which North American cloud computing firms exhibit the strongest growth potential based on 2025-2027 revenue CAGR and forecasted operating margins, and what drives these projections?",Financial Analyst,Analytical,High,Identify Growth Investments
"Which APAC semiconductor manufacturers appear most overvalued given their 2024-2026 P/E multiples and historical return on invested capital, and what factors contribute to this assessment?",Portfolio Manager,Critical,High,Identify Overvalued Assets
"Is Intel undervalued versus AMD on 2025-2027 P/E ratio and enterprise value to sales? Show key drivers and the AI market penetration premium, if any.",Investor,Analytical,High,Valuation Comparison
"Is BP overvalued compared to Shell on 2026-2028 dividend yield and reserve replacement ratio? Show key drivers and the renewable energy transition risk, if any.",Financial Analyst,Professional,High,Investment Analysis
"What are the latest revenue growth projections for Tesla, and how do they compare to its main competitors in the EV market?",Investor,Analytical,High,Compare Financial Projections
"Can you provide the current ESG (Environmental, Social, Governance) score for Siemens and outline the key factors contributing to its recent changes?",ESG Analyst,Factual,High,Evaluate ESG Performance
Which US mid-cap technology stocks have reported the most significant positive earnings surprises in the last two fiscal quarters?,Portfolio Manager,Professional,High,Identify Investment Opportunities
Which emerging market consumer discretionary firms have seen the most notable increases in short interest over the last quarter?,Hedge Fund Analyst,Objective,High,Assess Market Sentiment
What is the average target price from financial analysts for Tesla and what factors are currently influencing these valuations?,Investor/Analyst,Analytical,High,Valuation understanding
Could you detail the institutional ownership changes for Pfizer over the last two fiscal years and what this indicates about investor confidence?,Investor/Analyst,Factual,High,Investor sentiment analysis
Which mid-cap US technology companies have experienced the most significant EPS estimate upgrades over the past four quarters?,Financial Analyst,Analytical,High,Investment Screening
"Among major Asian consumer staples companies, which ones have shown the largest increases in institutional ownership during the last six months?",Portfolio Manager,Analytical,High,Investment Research
What is the current price-to-earnings (P/E) ratio for NVIDIA and how does it compare to its semiconductor industry peers over the past year?,Investor/Financial Analyst,Factual,High,Evaluate Valuation
"How has Microsoft's ESG (Environmental, Social, Governance) rating changed over the past three fiscal years, and what were the primary drivers behind these shifts?",ESG Investor/Analyst,Factual,High,Track ESG Performance
Which mid-cap US technology companies have shown the strongest revenue growth acceleration over the past two fiscal years?,Investor,Objective,High,Identify growth opportunities
"Among large-cap Asian semiconductor firms, which have experienced the most significant upward revisions in consensus earnings estimates for the upcoming fiscal year?",Portfolio Manager,Analytical,High,Gauge market sentiment
"What is the consensus earnings per share (EPS) estimate for Microsoft for the next two fiscal years, and how has it changed following their last earnings report?",Financial Analyst,Professional,High,Investment Analysis
"How has Apple's market capitalization evolved over the past year, and what are its key valuation multiples compared to industry peers?",Investor,Analytical,High,Valuation Assessment
Which US-listed mid-cap software companies have experienced the most significant increase in institutional ownership over the past six months?,Investment Analyst,Professional,High,Identify Investment Opportunities
"Among APAC-based semiconductor firms, which ones have seen the most downward earnings revisions by sell-side analysts in the last quarter?",Fund Manager,Analytical,High,Assess Negative Momentum
What are the latest analyst price targets for Google (Alphabet Inc. GOOGL) and what factors are influencing these adjustments over the past year?,Investor,Professional,High,Understand valuation & drivers
Can you provide a summary of the short interest sentiment regarding Netflix and how it has evolved over the last six months?,Investor,Professional,High,Gauge market sentiment & trend analysis
Which mid-cap North American technology companies have experienced the most significant increases in short interest over the last six months?,Investment Professional,Analytical,High,Identify potential short-sale candidates
Identify the large-cap APAC consumer staples companies that have demonstrated the strongest revenue growth in their latest fiscal year.,Investment Professional,Analytical,High,Discover high-growth opportunities
What are the current average price targets for Apple stock and how have these targets trended over the last six months?,Investor,Objective,High,Assess Valuation Trends
Can you outline the latest consensus earnings per share (EPS) estimates for Microsoft and how these estimates have been revised in the past two fiscal quarters?,Financial Analyst,Analytical,High,Monitor Earnings Outlook Revisions
"Among North American large-cap technology firms, which names have experienced the most significant institutional ownership shifts in the current fiscal year?",Financial Analyst,Objective,High,Identify companies with notable institutional investor activity for further research
"For European mid-cap consumer discretionary companies, which names have shown the strongest positive earnings per share (EPS) revisions over the past two reporting periods?",Equity Strategist,Analytical,High,Identify companies with improving fundamental outlooks based on analyst expectations
What is the current average price target for Tesla from sell-side analysts and how has the institutional ownership stake evolved over the last twelve months?,Investor,Objective,High,Assess valuation & market confidence
Can you provide a summary of the most recent earnings call sentiment for Amazon and how do its forward P/E multiples compare to its industry peers?,Equity Researcher,Professional,High,Understand market reaction & valuation comparison
"Which US-listed biotechnology firms, with market caps above $10 billion, have seen the most significant increases in institutional ownership over the past two fiscal quarters?",Investment Analyst,Professional,High,Track Ownership Shifts
What are the emerging market industrial companies that have experienced the largest positive revisions to their consensus revenue forecasts in the last three months?,Portfolio Manager,Analytical,High,Identify Improving Fundamentals
"What are the latest revenue growth projections for Tesla according to financial analysts, and how do these compare to estimates from the previous two years?",Investor/Analyst,Professional,High,Understand financial projections and trends
"What is the average analyst price target for Microsoft, and what factors have contributed to its changes over the past year?",Investor/Analyst,Professional,High,Analyze valuation expectations and drivers
What potential developments could significantly alter the investment thesis for ASML Holding over the next 18 months—three upsides and three downside risks?,Investor,Analytical,High,Investment Thesis Reassessment
"Considering the evolving geopolitical environment, what are the critical strategic imperatives and vulnerabilities for the global renewable energy sector over the next five years—identifying two of each?",Industry Strategist,Objective,High,Strategic Sector Analysis
What are the key market opportunities and competitive threats for global streaming services over the next 12-18 months?,Industry Analyst,Analytical,High,Market Strategy
Identify the top three technological advancements and regulatory hurdles impacting the autonomous vehicle industry in the coming fiscal year.,Business Strategist,Professional,High,Strategic Planning
Identify four potential upside drivers and three significant headwinds that could influence NVIDIA's stock performance over the next 18 months.,Investor/Analyst,Analytical,High,Evaluate Stock Performance
What are the primary opportunities and challenges associated with Amazon's expansion into the healthcare sector—four opportunities and two key challenges?,Business Strategist/Analyst,Strategic,High,Assess Strategic Initiative
What are the three most critical growth opportunities and associated market challenges for biotechnology companies in the next 18-24 months?,Business Strategist,Analytical,High,Strategic Planning
Evaluate the top three disruptive technologies and their potential impact on established medical device manufacturers over the next five years.,Industry Analyst,Evaluative,High,Technology Scouting
What factors could lead to a significant price target revision for NVIDIA over the next two quarters—two bullish arguments and two bearish counterpoints?,Equity Analyst,Analytical,High,Identify drivers for stock price target adjustments
"Considering the current macroeconomic environment, what two primary tailwinds and two primary headwinds could impact the overall valuation multiples of the semiconductor industry over the next 18 months?",Sector Analyst,Objective,High,Forecast industry valuation trends
What are the three most significant opportunities and threats facing the global semiconductor manufacturing industry in the next fiscal year?,Industry Analyst,Professional,High,Strategic Analysis
Outline the three major tailwinds and headwinds impacting the global financial technology (fintech) sector over the upcoming year.,Business Strategist,Forward-looking,High,Market Forecasting
What are the pivotal factors that could significantly alter NVIDIA's market perception over the next 18 months—three innovation breakthroughs and three regulatory hurdles?,Investor/Analyst,Analytical,High,Assess Future Market Perception
Analyze the strategic landscape for Starbucks over the coming fiscal year—three primary avenues for international expansion and three critical risks to their brand reputation or supply chain.,Strategist/Analyst,Strategic,High,Evaluate Strategic Outlook
What are the top three opportunities and challenges for the global renewable energy sector over the next 12 months?,Industry Analyst,Analytical,High,Future Analysis
What are the top three accelerators and impediments for AI-driven pharmaceutical research over the next 12 months?,R&D Executive,Strategic,High,Factor Identification
"Regarding Netflix, what are three potential drivers of significant upside potential and three key headwinds that could impact its valuation over the next 18 months?",Investor,Professional,High,Strategic Analysis
"For Apple's Vision Pro, what are three crucial adoption catalysts and three significant market risks that could define its success in the first three years?",Product Strategist,Professional,High,Product Market Analysis
What are the top five drivers and challenges shaping the global renewable energy sector over the next 18 months?,Industry Analyst,Analytical,High,Strategic Foresight
Identify the three most significant technological advancements and ethical concerns impacting genetic engineering applications over the next 24 months.,R&D Executive,Professional,High,Future Scanning
